{"cameraMode":{"drawMode":0,"name":"Shaded","section":"Shading Mode"},"sceneLighting":true,"audioPlay":false,"sceneViewState":{"m_AlwaysRefresh":false,"showFog":true,"showSkybox":true,"showFlares":true,"showImageEffects":true,"showParticleSystems":true,"showVisualEffectGraphs":true,"m_FxEnabled":true},"in2DMode":false,"pivot":{"x":13.675745964050293,"y":-10.271809577941895,"z":35.254695892333987},"rotation":{"x":0.1430828720331192,"y":0.16677983105182649,"z":-0.02494579181075096,"w":0.9748633503913879},"size":23.487415313720704,"orthographic":false}