{"cameraMode":{"drawMode":0,"name":"Shaded","section":"Shading Mode"},"sceneLighting":true,"audioPlay":false,"sceneViewState":{"m_AlwaysRefresh":false,"showFog":true,"showSkybox":true,"showFlares":true,"showImageEffects":true,"showParticleSystems":true,"showVisualEffectGraphs":true,"m_FxEnabled":true},"in2DMode":false,"pivot":{"x":12.641332626342774,"y":12.9115571975708,"z":-20.997177124023439},"rotation":{"x":0.20697259902954102,"y":-0.20516695082187653,"z":0.04444068297743797,"w":0.9555328488349915},"size":2.1681621074676515,"orthographic":false}